id,label
img_0001.jpeg,0
img_0002.jpeg,0
img_0003.jpeg,1
img_0004.jpeg,0
img_0005.jpeg,0
img_0006.jpeg,0
img_0007.jpeg,0
img_0008.jpeg,1
img_0009.jpeg,0
img_0010.jpeg,0
img_0011.jpeg,0
img_0012.jpeg,0
img_0013.jpeg,0
img_0014.jpeg,0
img_0015.jpeg,0
img_0016.jpeg,1
img_0017.jpeg,0
img_0018.jpeg,0
img_0019.jpeg,0
img_0020.jpeg,0
img_0021.jpeg,0
img_0022.jpeg,0
img_0023.jpeg,1
img_0024.jpeg,0
img_0025.jpeg,0
img_0026.jpeg,0
img_0027.jpeg,0
img_0028.jpeg,0
img_0029.jpeg,0
img_0030.jpeg,0
img_0031.jpeg,0
img_0032.jpeg,0
img_0033.jpeg,0
img_0034.jpeg,0
img_0035.jpeg,0
img_0036.jpeg,0
img_0037.jpeg,0
img_0038.jpeg,0
img_0039.jpeg,0
img_0040.jpeg,0
img_0041.jpeg,0
img_0042.jpeg,0
img_0043.jpeg,0
img_0044.jpeg,0
img_0045.jpeg,0
img_0046.jpeg,0
img_0047.jpeg,0
img_0048.jpeg,0
img_0049.jpeg,0
img_0050.jpeg,0
img_0051.jpeg,0
img_0052.jpeg,1
img_0053.jpeg,0
img_0054.jpeg,0
img_0055.jpeg,0
img_0056.jpeg,0
img_0057.jpeg,0
img_0058.jpeg,0
img_0059.jpeg,0
img_0060.jpeg,0
img_0061.jpeg,0
img_0062.jpeg,0
img_0063.jpeg,0
img_0064.jpeg,0
img_0065.jpeg,0
img_0066.jpeg,0
img_0067.jpeg,0
img_0068.jpeg,0
img_0069.jpeg,0
img_0070.jpeg,0
img_0071.jpeg,0
img_0072.jpeg,0
img_0073.jpeg,0
img_0074.jpeg,0
img_0075.jpeg,1
img_0076.jpeg,0
img_0077.jpeg,0
img_0078.jpeg,0
img_0079.jpeg,1
img_0080.jpeg,0
img_0081.jpeg,0
img_0082.jpeg,0
img_0083.jpeg,0
img_0084.jpeg,0
img_0085.jpeg,0
img_0086.jpeg,0
img_0087.jpeg,0
img_0088.jpeg,0
img_0089.jpeg,0
img_0090.jpeg,1
img_0091.jpeg,0
img_0092.jpeg,0
img_0093.jpeg,1
img_0094.jpeg,0
img_0095.jpeg,1
img_0096.jpeg,0
img_0097.jpeg,0
img_0098.jpeg,0
img_0099.jpeg,0
img_0100.jpeg,0
img_0101.jpeg,0
img_0102.jpeg,0
img_0103.jpeg,0
img_0104.jpeg,0
img_0105.jpeg,0
img_0106.jpeg,0
img_0107.jpeg,0
img_0108.jpeg,0
img_0109.jpeg,0
img_0110.jpeg,0
img_0111.jpeg,0
img_0112.jpeg,0
img_0113.jpeg,0
img_0114.jpeg,0
img_0115.jpeg,0
img_0116.jpeg,1
img_0117.jpeg,0
img_0118.jpeg,1
img_0119.jpeg,0
img_0120.jpeg,0
img_0121.jpeg,0
img_0122.jpeg,1
img_0123.jpeg,0
img_0124.jpeg,0
img_0125.jpeg,1
img_0126.jpeg,1
img_0127.jpeg,0
img_0128.jpeg,1
img_0129.jpeg,0
img_0130.jpeg,0
img_0131.jpeg,0
img_0132.jpeg,0
img_0133.jpeg,0
img_0134.jpeg,0
img_0135.jpeg,0
img_0136.jpeg,0
img_0137.jpeg,0
img_0138.jpeg,1
img_0139.jpeg,0
img_0140.jpeg,0
img_0141.jpeg,0
img_0142.jpeg,0
img_0143.jpeg,0
img_0144.jpeg,0
img_0145.jpeg,0
img_0146.jpeg,0
img_0147.jpeg,1
img_0148.jpeg,0
img_0149.jpeg,0
img_0150.jpeg,0
img_0151.jpeg,1
img_0152.jpeg,0
img_0153.jpeg,0
img_0154.jpeg,0
img_0155.jpeg,0
img_0156.jpeg,0
img_0157.jpeg,0
img_0158.jpeg,0
img_0159.jpeg,0
img_0160.jpeg,0
img_0161.jpeg,0
img_0162.jpeg,0
img_0163.jpeg,0
img_0164.jpeg,0
img_0165.jpeg,0
img_0166.jpeg,0
img_0167.jpeg,0
img_0168.jpeg,1
img_0169.jpeg,0
img_0170.jpeg,0
img_0171.jpeg,0
img_0172.jpeg,0
img_0173.jpeg,0
img_0174.jpeg,0
img_0175.jpeg,1
img_0176.jpeg,0
img_0177.jpeg,0
img_0178.jpeg,0
img_0179.jpeg,0
img_0180.jpeg,0
img_0181.jpeg,0
img_0182.jpeg,0
img_0183.jpeg,0
img_0184.jpeg,0
img_0185.jpeg,0
img_0186.jpeg,0
img_0187.jpeg,0
img_0188.jpeg,0
img_0189.jpeg,0
img_0190.jpeg,0
img_0191.jpeg,0
img_0192.jpeg,0
img_0193.jpeg,0
img_0194.jpeg,0
img_0195.jpeg,0
img_0196.jpeg,0
img_0197.jpeg,0
img_0198.jpeg,0
img_0199.jpeg,0
img_0200.jpeg,0
img_0201.jpeg,0
img_0202.jpeg,0
img_0203.jpeg,0
img_0204.jpeg,0
img_0205.jpeg,0
img_0206.jpeg,0
img_0207.jpeg,0
img_0208.jpeg,0
img_0209.jpeg,1
img_0210.jpeg,0
img_0211.jpeg,0
img_0212.jpeg,0
img_0213.jpeg,0
img_0214.jpeg,0
img_0215.jpeg,0
img_0216.jpeg,0
img_0217.jpeg,1
img_0218.jpeg,0
img_0219.jpeg,0
img_0220.jpeg,0
img_0221.jpeg,0
img_0222.jpeg,0
img_0223.jpeg,0
img_0224.jpeg,0
img_0225.jpeg,0
img_0226.jpeg,0
img_0227.jpeg,0
img_0228.jpeg,0
img_0229.jpeg,0
img_0230.jpeg,1
img_0231.jpeg,0
img_0232.jpeg,0
img_0233.jpeg,0
img_0234.jpeg,0
img_0235.jpeg,1
img_0236.jpeg,0
img_0237.jpeg,1
img_0238.jpeg,1
img_0239.jpeg,1
img_0240.jpeg,1
img_0241.jpeg,1
img_0242.jpeg,1
img_0243.jpeg,1
img_0244.jpeg,1
img_0245.jpeg,0
img_0246.jpeg,1
img_0247.jpeg,1
img_0248.jpeg,1
img_0249.jpeg,1
img_0250.jpeg,1
img_0251.jpeg,1
img_0252.jpeg,1
img_0253.jpeg,0
img_0254.jpeg,1
img_0255.jpeg,1
img_0256.jpeg,1
img_0257.jpeg,1
img_0258.jpeg,1
img_0259.jpeg,1
img_0260.jpeg,1
img_0261.jpeg,1
img_0262.jpeg,1
img_0263.jpeg,1
img_0264.jpeg,1
img_0265.jpeg,1
img_0266.jpeg,1
img_0267.jpeg,1
img_0268.jpeg,1
img_0269.jpeg,1
img_0270.jpeg,1
img_0271.jpeg,1
img_0272.jpeg,1
img_0273.jpeg,1
img_0274.jpeg,1
img_0275.jpeg,1
img_0276.jpeg,1
img_0277.jpeg,1
img_0278.jpeg,1
img_0279.jpeg,1
img_0280.jpeg,1
img_0281.jpeg,1
img_0282.jpeg,0
img_0283.jpeg,1
img_0284.jpeg,1
img_0285.jpeg,1
img_0286.jpeg,1
img_0287.jpeg,1
img_0288.jpeg,1
img_0289.jpeg,1
img_0290.jpeg,1
img_0291.jpeg,1
img_0292.jpeg,1
img_0293.jpeg,1
img_0294.jpeg,1
img_0295.jpeg,1
img_0296.jpeg,1
img_0297.jpeg,1
img_0298.jpeg,1
img_0299.jpeg,1
img_0300.jpeg,1
img_0301.jpeg,1
img_0302.jpeg,1
img_0303.jpeg,1
img_0304.jpeg,1
img_0305.jpeg,1
img_0306.jpeg,1
img_0307.jpeg,1
img_0308.jpeg,1
img_0309.jpeg,0
img_0310.jpeg,1
img_0311.jpeg,1
img_0312.jpeg,1
img_0313.jpeg,1
img_0314.jpeg,1
img_0315.jpeg,1
img_0316.jpeg,1
img_0317.jpeg,1
img_0318.jpeg,1
img_0319.jpeg,1
img_0320.jpeg,1
img_0321.jpeg,1
img_0322.jpeg,1
img_0323.jpeg,1
img_0324.jpeg,0
img_0325.jpeg,1
img_0326.jpeg,0
img_0327.jpeg,1
img_0328.jpeg,1
img_0329.jpeg,1
img_0330.jpeg,1
img_0331.jpeg,1
img_0332.jpeg,1
img_0333.jpeg,1
img_0334.jpeg,1
img_0335.jpeg,1
img_0336.jpeg,1
img_0337.jpeg,1
img_0338.jpeg,1
img_0339.jpeg,1
img_0340.jpeg,1
img_0341.jpeg,1
img_0342.jpeg,1
img_0343.jpeg,0
img_0344.jpeg,1
img_0345.jpeg,1
img_0346.jpeg,1
img_0347.jpeg,1
img_0348.jpeg,1
img_0349.jpeg,1
img_0350.jpeg,1
img_0351.jpeg,1
img_0352.jpeg,1
img_0353.jpeg,1
img_0354.jpeg,1
img_0355.jpeg,1
img_0356.jpeg,1
img_0357.jpeg,1
img_0358.jpeg,1
img_0359.jpeg,1
img_0360.jpeg,1
img_0361.jpeg,1
img_0362.jpeg,1
img_0363.jpeg,1
img_0364.jpeg,1
img_0365.jpeg,1
img_0366.jpeg,1
img_0367.jpeg,1
img_0368.jpeg,1
img_0369.jpeg,1
img_0370.jpeg,1
img_0371.jpeg,1
img_0372.jpeg,1
img_0373.jpeg,1
img_0374.jpeg,1
img_0375.jpeg,1
img_0376.jpeg,1
img_0377.jpeg,1
img_0378.jpeg,1
img_0379.jpeg,1
img_0380.jpeg,1
img_0381.jpeg,1
img_0382.jpeg,1
img_0383.jpeg,1
img_0384.jpeg,1
img_0385.jpeg,1
img_0386.jpeg,1
img_0387.jpeg,1
img_0388.jpeg,1
img_0389.jpeg,1
img_0390.jpeg,1
img_0391.jpeg,1
img_0392.jpeg,1
img_0393.jpeg,1
img_0394.jpeg,1
img_0395.jpeg,1
img_0396.jpeg,1
img_0397.jpeg,1
img_0398.jpeg,1
img_0399.jpeg,1
img_0400.jpeg,1
img_0401.jpeg,1
img_0402.jpeg,1
img_0403.jpeg,1
img_0404.jpeg,1
img_0405.jpeg,1
img_0406.jpeg,1
img_0407.jpeg,1
img_0408.jpeg,1
img_0409.jpeg,1
img_0410.jpeg,1
img_0411.jpeg,1
img_0412.jpeg,1
img_0413.jpeg,1
img_0414.jpeg,1
img_0415.jpeg,1
img_0416.jpeg,1
img_0417.jpeg,1
img_0418.jpeg,1
img_0419.jpeg,1
img_0420.jpeg,1
img_0421.jpeg,1
img_0422.jpeg,1
img_0423.jpeg,1
img_0424.jpeg,1
img_0425.jpeg,1
img_0426.jpeg,1
img_0427.jpeg,1
img_0428.jpeg,1
img_0429.jpeg,1
img_0430.jpeg,1
img_0431.jpeg,1
img_0432.jpeg,1
img_0433.jpeg,1
img_0434.jpeg,1
img_0435.jpeg,1
img_0436.jpeg,1
img_0437.jpeg,1
img_0438.jpeg,1
img_0439.jpeg,1
img_0440.jpeg,1
img_0441.jpeg,1
img_0442.jpeg,1
img_0443.jpeg,1
img_0444.jpeg,1
img_0445.jpeg,0
img_0446.jpeg,1
img_0447.jpeg,1
img_0448.jpeg,1
img_0449.jpeg,1
img_0450.jpeg,1
img_0451.jpeg,1
img_0452.jpeg,1
img_0453.jpeg,1
img_0454.jpeg,0
img_0455.jpeg,1
img_0456.jpeg,1
img_0457.jpeg,1
img_0458.jpeg,1
img_0459.jpeg,1
img_0460.jpeg,0
img_0461.jpeg,1
img_0462.jpeg,1
img_0463.jpeg,1
img_0464.jpeg,1
img_0465.jpeg,1
img_0466.jpeg,0
img_0467.jpeg,1
img_0468.jpeg,1
img_0469.jpeg,1
img_0470.jpeg,1
img_0471.jpeg,1
img_0472.jpeg,1
img_0473.jpeg,1
img_0474.jpeg,1
img_0475.jpeg,1
img_0476.jpeg,1
img_0477.jpeg,1
img_0478.jpeg,1
img_0479.jpeg,1
img_0480.jpeg,1
img_0481.jpeg,1
img_0482.jpeg,1
img_0483.jpeg,1
img_0484.jpeg,1
img_0485.jpeg,1
img_0486.jpeg,1
img_0487.jpeg,1
img_0488.jpeg,1
img_0489.jpeg,1
img_0490.jpeg,1
img_0491.jpeg,1
img_0492.jpeg,1
img_0493.jpeg,1
img_0494.jpeg,1
img_0495.jpeg,1
img_0496.jpeg,1
img_0497.jpeg,1
img_0498.jpeg,1
img_0499.jpeg,1
img_0500.jpeg,1
img_0501.jpeg,1
img_0502.jpeg,1
img_0503.jpeg,1
img_0504.jpeg,1
img_0505.jpeg,1
img_0506.jpeg,1
img_0507.jpeg,1
img_0508.jpeg,1
img_0509.jpeg,1
img_0510.jpeg,1
img_0511.jpeg,1
img_0512.jpeg,1
img_0513.jpeg,1
img_0514.jpeg,1
img_0515.jpeg,1
img_0516.jpeg,1
img_0517.jpeg,1
img_0518.jpeg,1
img_0519.jpeg,1
img_0520.jpeg,1
img_0521.jpeg,1
img_0522.jpeg,1
img_0523.jpeg,1
img_0524.jpeg,1
img_0525.jpeg,1
img_0526.jpeg,1
img_0527.jpeg,1
img_0528.jpeg,1
img_0529.jpeg,1
img_0530.jpeg,1
img_0531.jpeg,1
img_0532.jpeg,1
img_0533.jpeg,1
img_0534.jpeg,1
img_0535.jpeg,1
img_0536.jpeg,1
img_0537.jpeg,1
img_0538.jpeg,1
img_0539.jpeg,1
img_0540.jpeg,1
img_0541.jpeg,1
img_0542.jpeg,1
img_0543.jpeg,1
img_0544.jpeg,1
img_0545.jpeg,1
img_0546.jpeg,1
img_0547.jpeg,1
img_0548.jpeg,1
img_0549.jpeg,1
img_0550.jpeg,1
img_0551.jpeg,1
img_0552.jpeg,1
img_0553.jpeg,0
img_0554.jpeg,1
img_0555.jpeg,1
img_0556.jpeg,1
img_0557.jpeg,1
img_0558.jpeg,1
img_0559.jpeg,1
img_0560.jpeg,1
img_0561.jpeg,1
img_0562.jpeg,1
img_0563.jpeg,1
img_0564.jpeg,1
img_0565.jpeg,1
img_0566.jpeg,1
img_0567.jpeg,1
img_0568.jpeg,1
img_0569.jpeg,1
img_0570.jpeg,1
img_0571.jpeg,1
img_0572.jpeg,1
img_0573.jpeg,1
img_0574.jpeg,1
img_0575.jpeg,1
img_0576.jpeg,1
img_0577.jpeg,1
img_0578.jpeg,1
img_0579.jpeg,1
img_0580.jpeg,1
img_0581.jpeg,1
img_0582.jpeg,1
img_0583.jpeg,1
img_0584.jpeg,1
img_0585.jpeg,1
img_0586.jpeg,0
img_0587.jpeg,1
img_0588.jpeg,1
img_0589.jpeg,1
img_0590.jpeg,1
img_0591.jpeg,1
img_0592.jpeg,0
img_0593.jpeg,1
img_0594.jpeg,1
img_0595.jpeg,1
img_0596.jpeg,1
img_0597.jpeg,1
img_0598.jpeg,1
img_0599.jpeg,1
img_0600.jpeg,1
img_0601.jpeg,1
img_0602.jpeg,1
img_0603.jpeg,1
img_0604.jpeg,1
img_0605.jpeg,1
img_0606.jpeg,1
img_0607.jpeg,1
img_0608.jpeg,1
img_0609.jpeg,1
img_0610.jpeg,1
img_0611.jpeg,1
img_0612.jpeg,1
img_0613.jpeg,1
img_0614.jpeg,1
img_0615.jpeg,1
img_0616.jpeg,1
img_0617.jpeg,1
img_0618.jpeg,1
img_0619.jpeg,1
img_0620.jpeg,1
img_0621.jpeg,1
img_0622.jpeg,1
img_0623.jpeg,1
img_0624.jpeg,1
